192.168.10.1,"SERVEUR APOLLON",,,
192.168.10.3,"AUTOCOMM",,,
192.168.10.5,"SERVEUR COMPTA",,,
192.168.10.6,"IMPRIMANTE HP AGRI",,,
192.168.10.7,"IMPRIMANTE SHARP AR-M316 SCVT",,,
192.168.10.9,"IMPRIMANTE HP SIG",,,
192.168.10.10,"SERVEUR OUTILS SERVICES",,,
192.168.10.14,"IMPRIMANTE RICOH SAS RICOH MPC 3004",,,
192.168.10.15,"IMPRIMANTE HP LASERJET 5200 REGIE (C. Blecon)",,,
192.168.10.16,"IMPRIMANTE RICOH SDD RICOH MPC 3004",,,
192.168.10.17,"IMPRIMANTE XEROX XEROX Workcentre 7845",,,
192.168.10.19,"IMPRIMANTE XEROX COLOR 570 Imprimerie",,,
192.168.10.20,"SERVEUR DB-APPLIS",,,
192.168.10.21,"Ex DEVELSIG",,,
192.168.10.22,"Ex GEOTREK-EAU",,,
192.168.10.23,"SERVEUR INTRANET",,,
192.168.10.26,"SERVEUR PASSERELLE WEB STORMSHIELD",,,
192.168.10.30,"SERVEUR DEVELSIG",,,
192.168.10.41,"NAS stockage 1",,,
192.168.10.42,"NAS stockage 2",,,
192.168.10.43,"ESX1",,,
192.168.10.44,"ESX1 – Idrac",,,
192.168.10.46,"ESX2",,,
192.168.10.47,"ESX2 – Idrac",,,
192.168.10.62,"Vcenter",,,
192.168.10.63,"VEEAM",,,
192.168.10.64,"switch Dell Bat A 1",,,
192.168.10.65,"switch Dell Bat A 2",,,
192.168.10.66,"switch Dell château 1",,,
192.168.10.67,"switch Dell château 2",,,
192.168.10.68,"Borne WIFI Leynaud",,,
192.168.10.100,"NAS Carto",,,
192.168.10.172,"SERVEUR KASPERSKY",,,
192.168.10.200,"SERVEUR GED",,,
192.168.10.201,"SERVEUR PHOTO",,,
192.168.10.210,"CHAUFFERIE",,,
192.168.10.241,"NAS Dumps VEEAM",,,
192.168.10.242,"NAS Dumps DB",,,
192.168.11.254,"Routeur GENOLHAC",,,
192.168.11.250,"Imprimante GENOLHAC",,,
192.168.11.100,"NAS Carto GENOLHAC",,,
192.168.11.42,"NAS sauvegarde GENOLHAC",,,
192.168.12.254,"Routeur CROZES",,,
192.168.12.14,"Imprimante CROZES",,,
192.168.12.100,"NAS Carto CROZES",,,
192.168.12.42,"NAS sauvegarde CROZES",,,
192.168.13.254,"Routeur VIGAN",,,
192.168.13.240,"Imprimante VIGAN",,,
192.168.13.100,"NAS Carto VIGAN",,,
192.168.13.42,"NAS sauvegarde VIGAN",,,
192.168.14.254,"Routeur VILLARET",,,
192.168.14.30,"Imprimante VILLARET",,,
192.168.14.100,"NAS Carto VILLARET",,,
192.168.14.42,"NAS sauvegarde VILLARET",,,
192.168.15.254,"Routeur SERREYREDE",,,
192.168.15.66,"Imprimante SERREYREDE",,,
192.168.15.100,"NAS Carto SERREYREDE",,,
192.168.16.254,"Routeur ALES",,,
192.168.17.254,"Routeur ESTOURNAL",,,
192.168.17.100,"NAS Carto ESTOURNAL",,,
